,GJD-2450000,airmass,sky,dx,dy,flux(10),err(10),flux(11),err(11),flux(12),err(12),flux(13),err(13),flux(14),err(14),flux(15),err(15)
0,8062.876429000001,1.5601,1109.2,-0.027000000000000003,-2.9539999999999997,0.998611,0.004243,0.9992850000000001,0.004415,0.9972479999999999,0.004615,0.9973719999999999,0.004839,0.997539,0.005075,0.99531,0.005315
1,8062.8770540000005,1.556,979.4,-0.084,-2.454,1.003984,0.004132,1.004214,0.004304,1.0040719999999999,0.0045060000000000005,1.00359,0.004729,1.005631,0.004968,1.0051649999999999,0.005211
2,8062.877679000001,1.5516,875.1,-0.13,-1.3019999999999998,1.006406,0.004044,1.00454,0.00419,1.004198,0.004377000000000001,1.0034889999999999,0.004581,1.0035100000000001,0.0048,1.003624,0.005028
3,8062.878315999999,1.5472,784.6,-0.433,0.046,1.009209,0.003988,1.008103,0.004117,1.00861,0.004289,1.007227,0.004478,1.007392,0.004681,1.008025,0.004896
4,8062.878941,1.5433,710.4,0.11599999999999999,-1.4580000000000002,1.004208,0.003871,1.0050430000000001,0.004,1.0052379999999999,0.004162,1.006522,0.004346,1.00734,0.004539,1.00627,0.004736
5,8062.879566,1.5394,649.5,-0.6940000000000001,-1.5319999999999998,1.002513,0.003796,1.003052,0.003921,1.003823,0.004078,1.004026,0.004253,1.004995,0.004442,1.007039,0.004640999999999999
6,8062.880214,1.5351,601.8,-0.494,-2.036,1.000001,0.0038,0.9995950000000001,0.003904,0.999762,0.004045,0.999233,0.004207,0.9984049999999999,0.004382,0.9981059999999999,0.004571
7,8062.880839,1.5312,563.4,0.183,-0.653,0.999482,0.0037630000000000003,1.000057,0.0038659999999999996,1.000637,0.004007,0.9985040000000001,0.0041659999999999996,0.9974559999999999,0.004340999999999999,0.998034,0.004526
8,8062.881453,1.5275,535.4,0.05,-0.552,1.004346,0.0036869999999999997,1.001305,0.003793,1.001069,0.003935,0.999367,0.004091,0.9987360000000001,0.004262,0.9991469999999999,0.004444
9,8062.882078000001,0.0,508.0,-0.5660000000000001,-1.874,1.000739,0.0035189999999999996,1.000867,0.003643,1.0015020000000001,0.003793,1.0016180000000001,0.003956,1.000735,0.0041259999999999995,1.0013239999999999,0.004307
10,8062.882714,1.5196,484.5,-0.455,-0.98,1.002903,0.0036439999999999997,1.0012889999999999,0.00374,1.000042,0.0038689999999999996,0.9996280000000001,0.004023,0.9999120000000001,0.00419,0.9990969999999999,0.0043619999999999996
11,8062.883351,1.5157,467.6,0.129,-2.435,1.0046760000000001,0.0036880000000000003,1.001902,0.003766,0.999358,0.003886,0.9984719999999999,0.004031,0.997561,0.00419,0.996917,0.0043619999999999996
12,8062.883987,1.512,454.8,-0.8290000000000001,-1.882,0.998833,0.0037170000000000003,0.996506,0.003776,0.9958969999999999,0.003887,0.9963790000000001,0.004027,0.997508,0.004184,0.9975360000000001,0.004351
13,8062.884612000001,1.5085,443.5,0.08900000000000001,0.682,1.006674,0.003674,1.00786,0.003761,1.00611,0.003879,1.004119,0.004019,1.004154,0.004175,1.003986,0.00434
14,8062.885248999999,1.5046,435.6,0.12300000000000001,-1.489,1.001551,0.0036009999999999996,1.000291,0.003693,0.999777,0.003822,0.998957,0.0039689999999999994,0.99929,0.0041270000000000005,0.998575,0.004293
15,8062.885885,1.5008,429.9,-0.031,-0.9159999999999999,0.9990020000000001,0.0035740000000000004,0.9982989999999999,0.003662,1.000408,0.0037920000000000002,0.999868,0.0039369999999999995,0.9995200000000001,0.004093,0.999806,0.004259000000000001
16,8062.886522,1.4974,429.2,-0.637,-1.37,1.002673,0.0035960000000000002,1.001787,0.003677,1.0022360000000001,0.0037990000000000003,1.002801,0.003944,1.002385,0.004099,1.0042790000000001,0.004267
17,8062.887159000001,1.4936,425.0,-0.664,-2.928,1.001601,0.0035770000000000003,1.000579,0.003667,1.001132,0.0037920000000000002,1.001968,0.003936,1.002047,0.004092,1.0020209999999998,0.004258
18,8062.8877840000005,1.4903,422.0,-0.428,-0.243,0.998604,0.003572,0.99826,0.003654,0.9974559999999999,0.003773,0.997598,0.003915,0.9980049999999999,0.004069,0.9980620000000001,0.004229999999999999
19,8062.888409,1.487,423.4,0.04,-1.304,1.006138,0.0035619999999999996,1.006025,0.003653,1.004307,0.003774,1.0042959999999999,0.003917,1.005874,0.004071,1.006118,0.004231
20,8062.889034000001,1.4834,426.0,-0.64,-0.8440000000000001,1.001239,0.003593,1.003125,0.003675,1.003493,0.003793,1.002525,0.0039299999999999995,1.001135,0.004078,1.001551,0.004239
21,8062.8896700000005,1.4802,427.9,-0.573,-2.128,1.001573,0.003686,1.002709,0.00374,1.001803,0.003839,1.0026760000000001,0.003972,1.002983,0.004118999999999999,1.004294,0.004279
22,8062.890295,1.4766,427.4,0.057,-1.524,1.001639,0.0037020000000000004,0.9993479999999999,0.0037409999999999995,0.997984,0.003833,0.995793,0.003956,0.994815,0.004098,0.995225,0.004255
23,8062.890931999999,1.4735,428.5,0.07400000000000001,-0.085,1.006097,0.003704,1.002217,0.003739,1.000745,0.0038299999999999996,0.999193,0.003953,0.9991770000000001,0.004099,0.9986209999999999,0.004256
24,8062.891568000001,1.4701,429.8,-0.584,-2.2880000000000003,1.011021,0.0037770000000000004,1.006689,0.0037979999999999997,1.004436,0.003879,1.0036100000000001,0.003998,1.004,0.00414,1.003015,0.004295
25,8062.892205,1.467,436.0,0.157,0.064,0.999131,0.0037070000000000002,0.998265,0.0037549999999999997,0.998647,0.00385,0.9991770000000001,0.003975,0.997383,0.004113,0.996667,0.004267
26,8062.892841,1.4636,443.9,-0.92,-0.129,1.005059,0.003667,1.002624,0.0037310000000000004,1.002178,0.0038399999999999997,1.002707,0.003975,1.0014239999999999,0.004123,1.000477,0.0042829999999999995
27,8062.893478,1.4606,454.5,-0.638,-0.05,1.0047469999999998,0.0036899999999999997,1.001724,0.003752,0.9988940000000001,0.003856,0.9987090000000001,0.003991,0.9986649999999999,0.004139,0.9990899999999999,0.0043
28,8062.8941030000005,1.4574,463.1,0.228,-1.829,1.001944,0.003701,1.004372,0.0037719999999999997,1.006205,0.003885,1.007758,0.004021,1.008209,0.004171,1.007737,0.00433
29,8062.894740000001,1.4544,465.7,-0.613,-0.5770000000000001,1.00629,0.00367,1.0053459999999999,0.003743,1.0056379999999998,0.0038590000000000005,1.006337,0.004,1.005058,0.0041530000000000004,1.005499,0.004318
30,8062.895365,1.4513,467.4,0.0,0.0,0.999444,0.0036090000000000002,0.9991540000000001,0.003696,0.998763,0.0038179999999999998,0.998534,0.003964,0.9974290000000001,0.004121,0.99651,0.004286
31,8062.895990000001,1.4484,469.1,-0.5,-1.636,1.0094450000000001,0.003672,1.006905,0.003737,1.005403,0.003846,1.004421,0.003982,1.005045,0.004135,1.007339,0.004304
32,8062.896615000001,1.4456,473.0,-0.561,-1.27,0.99059,0.003616,0.9934620000000001,0.003704,0.9945370000000001,0.003829,0.993259,0.0039759999999999995,0.992814,0.0041329999999999995,0.992022,0.0043
33,8062.897251,1.4425,472.5,0.006999999999999999,-0.45399999999999996,1.0043090000000001,0.0036899999999999997,1.001924,0.0037530000000000003,1.000838,0.0038640000000000002,1.001128,0.004002,0.9987459999999999,0.004151,0.9994790000000001,0.004318
34,8062.897865000001,1.4398,471.9,-1.374,-2.7889999999999997,1.0002950000000002,0.003633,0.998914,0.0037090000000000005,0.998129,0.003827,0.9989049999999999,0.003972,0.995993,0.004121,0.994972,0.004286
35,8062.8984900000005,1.4368,473.9,-0.496,-2.705,0.9983129999999999,0.003624,1.000472,0.0037049999999999995,1.00139,0.0038229999999999996,1.0007780000000002,0.003963,1.001642,0.004121,0.9999979999999999,0.004286
36,8062.899103,1.4341,474.6,-0.632,-1.416,1.008278,0.0036479999999999998,1.008162,0.003722,1.007725,0.0038369999999999997,1.007323,0.0039770000000000005,1.0078639999999999,0.004132,1.008062,0.004299
37,8062.899740000001,1.4314,485.8,-0.635,-0.79,1.003778,0.003657,1.002421,0.0037240000000000003,1.002162,0.003841,1.002661,0.0039840000000000006,1.001785,0.00414,1.0035290000000001,0.0043100000000000005
38,8062.9003760000005,1.4285,489.1,-0.539,-1.2930000000000001,1.002912,0.003616,1.003606,0.003704,1.003363,0.003829,1.0029860000000002,0.0039770000000000005,1.003028,0.00414,1.0026030000000001,0.004311
39,8062.901013,1.4259,489.8,-0.8340000000000001,-1.0590000000000002,1.00019,0.0035520000000000005,0.999692,0.0036590000000000004,0.998705,0.003797,0.9990709999999999,0.003954999999999999,0.9988809999999999,0.004123,0.999712,0.004299
40,8062.901637999999,1.4231,495.3,-0.5660000000000001,-1.4,0.991613,0.0035340000000000002,0.992374,0.003646,0.993257,0.0037869999999999996,0.993231,0.003942,0.993481,0.004107,0.994109,0.004281
41,8062.902273999999,1.4205,495.8,-0.424,0.114,0.999872,0.003587,0.999793,0.003689,0.998092,0.003821,0.9968040000000001,0.003973,0.996449,0.004136,0.995423,0.004307
42,8062.902888,1.4181,492.0,-0.462,-1.6159999999999999,0.9984879999999999,0.0036520000000000003,0.996899,0.0037229999999999997,0.9955879999999999,0.003839,0.9965719999999999,0.0039829999999999996,0.996878,0.004139,0.9963879999999999,0.004306
43,8062.903523999999,1.4154,490.4,-0.99,-1.036,0.9979809999999999,0.003578,0.9973719999999999,0.0036729999999999996,0.9977469999999999,0.003803,0.99725,0.003952000000000001,0.9975,0.004116,0.996016,0.004282
44,8062.904148999999,1.4129,496.5,0.122,-0.512,1.004457,0.003544,1.005321,0.003654,1.005528,0.003793,1.006569,0.003948,1.008632,0.004116,1.009572,0.004289
45,8062.904786,1.4103,499.6,-0.573,-2.226,1.005347,0.003551,1.005248,0.003657,1.00458,0.0037909999999999997,1.004274,0.003944,1.002952,0.004103,1.002509,0.004273
46,8062.905398999999,1.4079,502.5,-1.109,-2.079,1.006366,0.003536,1.005658,0.003655,1.005866,0.0037990000000000003,1.0055530000000001,0.003954,1.00532,0.004121,1.005691,0.004297
47,8062.906024,1.4056,502.0,-0.753,-2.6510000000000002,1.013895,0.003575,1.0114889999999999,0.003684,1.0099,0.0038229999999999996,1.008438,0.0039770000000000005,1.00929,0.004145,1.009215,0.004319
48,8062.906661,1.403,502.9,-0.523,-1.026,1.0026110000000001,0.0035590000000000005,1.001976,0.00367,1.001896,0.00381,1.001599,0.003967,1.003908,0.004141,1.0050620000000001,0.00432
49,8062.907286,1.4008,499.5,-0.441,-1.159,1.0010290000000002,0.003536,1.001468,0.0036590000000000004,1.0013299999999998,0.003804,1.0010379999999999,0.003961999999999999,1.001867,0.004131,1.003625,0.004309
50,8062.907922,1.3983,499.4,-1.6640000000000001,-0.517,1.004285,0.0035020000000000003,1.003204,0.0036229999999999995,1.002673,0.003766,1.0018120000000001,0.003922,1.001047,0.0040880000000000005,1.002591,0.004263
51,8062.908547,1.3961,504.0,-0.9390000000000001,-1.092,1.00053,0.003554,0.998699,0.003653,0.99871,0.00379,0.998743,0.003943,0.9977959999999999,0.004106,0.998612,0.00428
52,8062.909172,1.3937,503.0,-0.514,-0.6559999999999999,1.002899,0.003556,1.002278,0.0036590000000000004,1.004105,0.0037990000000000003,1.004974,0.003954,1.004132,0.004118,1.004198,0.004291
53,8062.909809000001,1.3915,502.3,-0.925,-2.9760000000000004,1.007072,0.003575,1.005858,0.0036710000000000002,1.005606,0.003805,1.006233,0.00396,1.005584,0.004123,1.005439,0.004296
54,8062.910434,1.3892,501.0,-0.54,-0.162,1.005507,0.003582,1.002569,0.003676,1.001643,0.0038079999999999998,1.000327,0.00396,1.00003,0.004124,1.001067,0.004299
55,8062.9110709999995,1.3871,496.9,-1.4869999999999999,-1.232,1.003595,0.003588,1.002869,0.003658,1.002864,0.003775,1.0022659999999999,0.003917,0.999906,0.004068,0.998431,0.004233
56,8062.911706999999,1.3848,496.2,-1.3530000000000002,-3.551,1.003507,0.003582,1.002341,0.003664,1.002291,0.0037909999999999997,1.002091,0.00394,1.001442,0.004099,1.0001870000000002,0.004267
57,8062.912331999999,1.3828,495.5,-0.451,-0.568,1.008797,0.0036340000000000005,1.006521,0.003693,1.0067780000000002,0.003804,1.00616,0.003943,1.006534,0.004099,1.007495,0.004268
58,8062.912957,1.3808,496.7,-1.403,0.2,0.999914,0.0035310000000000003,0.9987299999999999,0.003631,0.997667,0.003764,0.996419,0.003913000000000001,0.996604,0.004074,0.9952799999999999,0.004241
59,8062.913581999999,1.3786,497.4,-0.74,-2.3569999999999998,1.0093299999999998,0.0035689999999999997,1.0080879999999999,0.0036729999999999996,1.0065680000000001,0.0038060000000000004,1.005935,0.003961,1.005156,0.004123,1.00526,0.004297
60,8062.914218999999,1.3766,494.9,-0.722,-1.8730000000000002,1.004815,0.0035210000000000003,1.0033590000000001,0.003626,1.00384,0.0037630000000000003,1.004259,0.003918,1.003577,0.004079,1.0031940000000001,0.004251
61,8062.914855,1.3745,504.0,-1.754,-0.7909999999999999,0.9998870000000001,0.0035299999999999997,0.997131,0.003624,0.9965379999999999,0.0037560000000000002,0.997286,0.0039109999999999995,0.999051,0.004077,0.9993270000000001,0.004248
62,8062.91548,1.3726,498.8,-0.13,-0.526,1.00519,0.003522,1.00415,0.0036299999999999995,1.0048629999999998,0.0037719999999999997,1.004905,0.003928,1.005266,0.004092,1.006445,0.004265
63,8062.916104999999,1.3705,499.8,-0.816,-2.556,1.001989,0.003546,1.000505,0.0036509999999999997,1.0001799999999998,0.003788,1.000026,0.003942,1.000412,0.004105,0.999999,0.004273
64,8062.916753,1.3687,498.6,-0.9670000000000001,0.128,1.001865,0.003507,1.001937,0.003629,1.000809,0.003773,0.999877,0.0039310000000000005,0.9995120000000001,0.004098,1.000649,0.004275
65,8062.917367,1.3669,498.0,-0.653,-1.0190000000000001,0.9973879999999999,0.003483,0.997877,0.0036049999999999997,0.996924,0.0037479999999999996,0.996416,0.003906,0.9955799999999999,0.004071,0.9961190000000001,0.004246
66,8062.918003,1.3649,496.6,-1.868,-3.216,0.9975040000000001,0.0034630000000000004,0.997346,0.003585,0.997175,0.003728,0.996944,0.003886,0.996908,0.004051,0.995974,0.004220000000000001
67,8062.918640000001,1.3629,497.8,-0.982,-1.517,0.993477,0.003464,0.9945209999999999,0.003592,0.994822,0.003739,0.9964729999999999,0.0039,0.996283,0.004065999999999999,0.9958020000000001,0.004239
68,8062.919265,1.3612,493.0,-0.83,-0.43799999999999994,0.9976649999999999,0.0034700000000000004,0.9980469999999999,0.003595,0.997778,0.003742,0.997682,0.0039020000000000005,0.996201,0.004067,0.9967309999999999,0.004241
69,8062.919913,1.3593,491.2,-1.5930000000000002,-2.386,0.9944290000000001,0.003467,0.9938899999999999,0.003588,0.994202,0.0037340000000000003,0.9945299999999999,0.0038929999999999998,0.994711,0.00406,0.99615,0.0042369999999999994
70,8062.92055,1.3576,492.7,-0.461,-0.8809999999999999,0.99197,0.003462,0.9920389999999999,0.00358,0.9911709999999999,0.00372,0.990273,0.0038740000000000003,0.9902340000000001,0.004035,0.991242,0.004207
71,8062.921175,1.3558,496.4,-0.64,-1.102,1.001144,0.0035009999999999998,1.000893,0.003621,1.000836,0.0037649999999999997,0.999682,0.003922,0.9991209999999999,0.004085,0.9997860000000001,0.004259000000000001
72,8062.921811,1.3542,502.3,-1.55,-1.55,1.0009549999999998,0.0035189999999999996,1.0013459999999998,0.003639,1.0020280000000001,0.003785,1.001067,0.00394,1.001918,0.004108,1.002783,0.0042840000000000005
73,8062.922436,1.3524,505.5,-0.632,-2.301,0.9972280000000001,0.0035,0.997518,0.0036149999999999997,0.99831,0.003757,0.998664,0.003914,0.999296,0.004078,1.001191,0.004255
74,8062.923073000001,1.3508,502.8,-1.46,-0.912,0.9922200000000001,0.0034869999999999996,0.9916229999999999,0.0036119999999999998,0.990934,0.0037560000000000002,0.9906860000000001,0.003914,0.989441,0.004079,0.989667,0.004255
75,8062.9236980000005,1.3491,504.7,-1.683,-0.8170000000000001,1.000716,0.003529,0.999455,0.003647,1.000433,0.003796,0.999675,0.003953,1.0004879999999998,0.004123,1.000434,0.004299
76,8062.924334,1.3476,509.5,-1.683,-2.198,0.995442,0.003547,0.9966389999999999,0.003653,0.9974649999999999,0.00379,0.9982530000000001,0.003947,0.997683,0.004111,0.998916,0.004287
77,8062.924959,1.3461,561.4,-0.449,-2.441,1.0011370000000002,0.003616,1.000282,0.003732,0.99845,0.0038759999999999997,0.998734,0.0040420000000000005,0.9998090000000001,0.004218,1.000376,0.004399
78,8062.925608,1.3444,592.5,-1.5919999999999999,-0.515,1.000637,0.003597,0.9999110000000001,0.0037270000000000003,1.000099,0.0038829999999999997,1.001428,0.004057,1.00136,0.004236,1.001467,0.004422
79,8062.926233,1.343,521.4,-1.4169999999999998,-3.11,1.0018340000000001,0.0035329999999999997,1.001995,0.0036490000000000003,1.0011700000000001,0.0037920000000000002,1.0009620000000001,0.003953,1.001835,0.004125,1.000324,0.004301
80,8062.926869,1.3414,511.9,-0.44,-1.1079999999999999,0.9956430000000001,0.003498,0.995712,0.003628,0.996857,0.003781,0.9964,0.003944,0.9966950000000001,0.004115,0.9967389999999999,0.004292
81,8062.927494,1.34,512.5,-0.618,-0.87,0.9991180000000001,0.003513,0.999351,0.003643,0.9997520000000001,0.003795,1.000427,0.003959000000000001,0.999949,0.00413,1.000159,0.004308
82,8062.928119,1.3385,513.4,-1.5819999999999999,-1.925,0.997726,0.003525,0.998516,0.003647,0.998776,0.0037939999999999996,0.999817,0.003954,0.999876,0.004121,1.00137,0.004299
83,8062.928744,1.3371,526.7,-1.3230000000000002,-3.196,0.993957,0.0035009999999999998,0.9926159999999999,0.0036299999999999995,0.991751,0.0037799999999999995,0.991986,0.003942,0.9917870000000001,0.004111,0.9898040000000001,0.004286
84,8062.9293689999995,1.3358,525.1,-1.2570000000000001,-1.087,0.992072,0.0035399999999999997,0.989871,0.0036479999999999998,0.988417,0.0037890000000000003,0.988066,0.003948,0.988424,0.004118999999999999,0.988,0.004298
85,8062.929994,1.3343,521.3,-1.464,0.043,0.998159,0.003525,0.99903,0.003654,0.998316,0.003803,0.997532,0.003966,0.996467,0.004137,0.996233,0.0043170000000000005
86,8062.930619,1.3331,514.0,-1.8090000000000002,-2.87,0.995416,0.0035039999999999997,0.995899,0.003628,0.9970459999999999,0.003779,0.9966950000000001,0.003939,0.996575,0.004107,0.99756,0.004285
87,8062.931256,1.3317,515.3,-0.7609999999999999,-1.672,0.994209,0.0035189999999999996,0.992426,0.0036340000000000005,0.9926360000000001,0.003779,0.99215,0.0039380000000000005,0.9902549999999999,0.004104,0.99164,0.004281
88,8062.9318920000005,1.3304,513.1,-1.7930000000000001,-2.022,0.990662,0.003471,0.9918530000000001,0.003607,0.992643,0.0037619999999999997,0.9931469999999999,0.003927,0.9933270000000001,0.0041,0.994143,0.004277
89,8062.932529000001,1.3291,511.7,-1.526,-1.5590000000000002,0.992668,0.0034729999999999995,0.992822,0.0036079999999999997,0.992662,0.003761,0.992517,0.003926,0.992008,0.004099,0.993627,0.004282
90,8062.933177,1.3279,511.4,-1.196,-1.1540000000000001,0.9933,0.003469,0.991392,0.0036,0.990376,0.00375,0.988268,0.003907,0.9862569999999999,0.004074,0.9863649999999999,0.004252000000000001
91,8062.933802,1.3266,509.2,-1.4140000000000001,-2.0909999999999997,0.996783,0.0034439999999999996,0.996398,0.0035789999999999997,0.9957219999999999,0.00373,0.993772,0.0038880000000000004,0.991848,0.004053,0.991023,0.004226
92,8062.934439,1.3255,509.1,-0.679,-1.27,0.99187,0.003461,0.992856,0.003589,0.993508,0.0037380000000000004,0.9933850000000001,0.003897,0.993884,0.004065,0.9959459999999999,0.004243
93,8062.935075,1.3243,510.0,-0.75,-0.42700000000000005,0.9962110000000001,0.003468,0.996216,0.003599,0.996934,0.003747,0.996031,0.0039049999999999996,0.995664,0.004070000000000001,0.995965,0.0042450000000000005
94,8062.9357,1.3232,508.3,-1.4480000000000002,-1.331,0.993455,0.0034950000000000003,0.992503,0.003617,0.991612,0.0037619999999999997,0.9919309999999999,0.003924,0.992078,0.004092,0.993967,0.00427
95,8062.936325,1.322,509.6,-1.2690000000000001,-2.616,0.99159,0.003468,0.990884,0.003597,0.9899610000000001,0.003743,0.988725,0.0039,0.987383,0.004065,0.986957,0.004242
96,8062.936962000001,1.321,510.1,-1.3459999999999999,-1.795,0.992924,0.003475,0.991818,0.00361,0.9926799999999999,0.0037649999999999997,0.9933120000000001,0.0039299999999999995,0.992034,0.004098,0.992168,0.004275
97,8062.937587,1.3198,513.0,-1.246,-1.105,0.9968239999999999,0.0034869999999999996,0.9968889999999999,0.0036200000000000004,0.9963069999999999,0.003771,0.996397,0.003934,0.9960040000000001,0.004102000000000001,0.9966809999999999,0.004279
98,8062.938212000001,1.3188,522.4,-1.401,-1.236,0.993761,0.0034990000000000004,0.99331,0.0036340000000000005,0.9930899999999999,0.003788,0.99397,0.003956,0.993031,0.00413,0.995006,0.004314
99,8062.938848000001,1.3178,521.5,-1.6869999999999998,-1.004,0.9947790000000001,0.003476,0.995338,0.003622,0.994498,0.003779,0.9933790000000001,0.003945000000000001,0.992917,0.004117,0.9928389999999999,0.004298
100,8062.939473,1.3168,521.8,-1.015,-2.138,0.99569,0.003474,0.9955510000000001,0.003614,0.9952549999999999,0.0037689999999999998,0.9949709999999999,0.003934,0.993426,0.004104,0.9934709999999999,0.004282
101,8062.94011,1.3158,522.0,-2.08,-1.426,0.998229,0.0034969999999999997,0.996667,0.003635,0.9950399999999999,0.003786,0.9954870000000001,0.003953,0.99492,0.0041259999999999995,0.996394,0.004309
102,8062.940734999999,1.3148,517.4,-1.393,-0.872,0.992864,0.003469,0.992926,0.0036060000000000003,0.992561,0.0037579999999999996,0.9940040000000001,0.003925,0.993658,0.004096,0.9932489999999999,0.004275999999999999
103,8062.94136,1.3139,510.1,-0.8170000000000001,-0.924,0.996924,0.003475,0.996925,0.003617,0.9976950000000001,0.003776,0.9975209999999999,0.003941,0.998642,0.004117,0.998951,0.004299
104,8062.942008,1.313,510.2,-1.3119999999999998,-2.245,0.9935200000000001,0.003469,0.9935579999999999,0.0036090000000000002,0.994151,0.0037670000000000004,0.994993,0.003935,0.9953790000000001,0.004108,0.994408,0.004287
105,8062.942633,1.3121,510.9,-1.146,-1.5530000000000002,1.000968,0.003478,1.001313,0.0036119999999999998,1.0019639999999999,0.003764,1.001958,0.003927,1.001932,0.004097,1.002939,0.004273
106,8062.943270000001,1.3112,511.9,-1.357,-0.958,0.998292,0.003472,0.9972200000000001,0.0036119999999999998,0.9978440000000001,0.0037670000000000004,0.998033,0.003934,0.9985649999999999,0.004107,0.99915,0.004288
107,8062.943895,1.3104,513.2,-1.693,-2.274,0.998916,0.0034630000000000004,1.000135,0.0036060000000000003,1.0012290000000001,0.0037649999999999997,1.001377,0.003932,1.001176,0.004103,1.002146,0.004285
108,8062.94452,1.3096,522.7,-0.914,-1.626,0.994325,0.0034409999999999996,0.9936860000000001,0.003588,0.992924,0.003747,0.9915860000000001,0.003913000000000001,0.9918969999999999,0.0040869999999999995,0.990685,0.004265
109,8062.945156000001,1.3088,560.3,-0.758,-0.889,0.991505,0.00349,0.9916969999999999,0.003625,0.991139,0.003779,0.9904350000000001,0.003945000000000001,0.9901760000000001,0.00412,0.989157,0.004301
110,8062.945781,1.308,517.7,0.326,-0.545,0.9978790000000001,0.0035009999999999998,0.998173,0.003624,0.99795,0.0037719999999999997,0.996398,0.003932,0.994469,0.0041,0.992993,0.004273
111,8062.946406,1.3073,513.7,-2.077,-2.826,0.999776,0.003471,0.999712,0.003611,0.998527,0.003764,0.99872,0.003928,0.9990190000000001,0.0041,0.999289,0.004278
112,8062.947031000001,1.3066,509.2,-1.662,-1.099,0.9969530000000001,0.0034509999999999996,0.997239,0.0035859999999999998,0.9964639999999999,0.0037359999999999997,0.995808,0.003896,0.995553,0.004064,0.99598,0.00424
113,8062.947668000001,1.3059,512.6,-0.8,-1.3630000000000002,1.0002950000000002,0.003471,1.00023,0.0036060000000000003,0.999551,0.0037560000000000002,1.000275,0.00392,1.001876,0.004089,1.00308,0.004266
114,8062.948293,1.3052,517.7,-1.42,-1.6640000000000001,1.000846,0.003479,0.999052,0.003616,1.000721,0.003774,1.0000950000000002,0.0039369999999999995,0.998289,0.004107,0.9979049999999999,0.0042840000000000005
115,8062.948929000001,1.3045,515.4,-1.254,-0.675,0.994569,0.0034909999999999997,0.993928,0.003626,0.994131,0.0037799999999999995,0.995276,0.003946,0.99674,0.004121,0.99831,0.004303
116,8062.949554000001,1.3039,518.5,-1.98,-1.104,0.9964799999999999,0.0034770000000000005,0.9973200000000001,0.0036200000000000004,0.9982629999999999,0.0037770000000000004,0.9985129999999999,0.003943,0.9999600000000001,0.004118999999999999,1.001364,0.004299
117,8062.950191,1.3033,528.6,-1.8730000000000002,-1.308,0.999014,0.0034920000000000003,0.9984620000000001,0.003636,0.998207,0.0037939999999999996,0.9973870000000001,0.003961999999999999,0.994934,0.0041329999999999995,0.9949610000000001,0.0043159999999999995
118,8062.950816,1.3027,528.2,-1.24,-1.389,0.992886,0.003508,0.992432,0.0036509999999999997,0.992768,0.0038079999999999998,0.9937,0.0039770000000000005,0.991915,0.004151,0.9921840000000001,0.004333
119,8062.951440999999,1.3022,528.6,-1.9580000000000002,-2.565,1.0022790000000001,0.003522,1.001963,0.003667,1.001239,0.003826,1.001198,0.003995,1.000429,0.004169,1.0001790000000002,0.004352
120,8062.952078,1.3016,527.7,-1.133,-2.286,1.0029139999999999,0.0035409999999999994,1.0034020000000001,0.003684,1.003528,0.003843,1.004161,0.004013,1.003519,0.004189,1.004197,0.004372999999999999
121,8062.952714,1.3011,524.5,-2.063,-0.748,1.004168,0.003496,1.004262,0.003643,1.00423,0.0038020000000000003,1.003534,0.003968,1.003971,0.004143,1.004312,0.004326
122,8062.953339,1.3006,514.5,-1.777,-0.603,1.007835,0.003503,1.00694,0.003647,1.006002,0.003804,1.008291,0.003975,1.009454,0.004151,1.0107959999999998,0.004335
123,8062.953976000001,1.3001,511.6,-1.8230000000000002,-1.551,1.000933,0.003475,0.9998319999999999,0.0036149999999999997,0.9998239999999999,0.003771,0.99959,0.0039369999999999995,0.9993799999999999,0.004111,1.001261,0.004293
124,8062.954601,1.2996,510.1,-0.887,-1.112,0.996858,0.0034560000000000003,0.997919,0.003597,0.999984,0.003754,1.000413,0.003918,1.000564,0.0040880000000000005,1.000731,0.004264
125,8062.955237,1.2992,508.3,-1.6580000000000001,-0.9079999999999999,1.00243,0.003483,1.003659,0.0036200000000000004,1.005148,0.003775,1.005411,0.0039380000000000005,1.0054450000000001,0.004107,1.0050059999999998,0.00428
126,8062.955862000001,1.2988,506.3,-2.099,-2.175,1.000453,0.003474,1.0004540000000002,0.0036130000000000003,1.000766,0.0037689999999999998,1.000858,0.003935,1.000438,0.004107,1.001455,0.004285
127,8062.956487,1.2984,508.0,-0.7140000000000001,-2.1319999999999997,0.995159,0.0034579999999999997,0.9963639999999999,0.0036009999999999996,0.9954200000000001,0.003754,0.994302,0.003915,0.9936020000000001,0.004084,0.9947239999999999,0.004265
128,8062.957124,1.298,516.2,-1.3519999999999999,-0.9790000000000001,0.996231,0.003452,0.995828,0.003594,0.9943069999999999,0.003747,0.994431,0.0039109999999999995,0.994865,0.004083,0.9949309999999999,0.004259000000000001
129,8062.957748999999,1.2977,521.5,-1.776,-1.101,0.9946729999999999,0.0034990000000000004,0.9938790000000001,0.003636,0.994367,0.0037909999999999997,0.993849,0.0039570000000000004,0.9944729999999999,0.004132,0.9959020000000001,0.004314
130,8062.958374,1.2974,516.3,-1.459,-1.726,0.997577,0.0034770000000000005,0.996871,0.003616,0.995337,0.0037670000000000004,0.993599,0.003929,0.99303,0.004101,0.9934059999999999,0.004279
131,8062.95901,1.2971,514.1,-1.528,-1.193,1.0029629999999998,0.003489,1.001886,0.0036299999999999995,1.001104,0.003786,1.0007409999999999,0.003953,1.000546,0.0041270000000000005,0.9993780000000001,0.004304
132,8062.959634999999,1.2968,516.5,-0.8640000000000001,-0.932,1.000777,0.0034729999999999995,1.000799,0.003619,1.0015370000000001,0.003779,1.0029290000000002,0.003948,1.0046030000000001,0.004123,1.0043389999999999,0.004303
133,8062.960272,1.2965,522.1,-2.187,-2.387,0.9979899999999999,0.003483,0.9971709999999999,0.0036299999999999995,0.997949,0.0037909999999999997,0.998295,0.003961,0.9973190000000001,0.004136,0.997834,0.00432
134,8062.960897,1.2963,528.0,-1.43,-1.705,0.9976879999999999,0.0035060000000000004,0.9978319999999999,0.0036509999999999997,0.997664,0.00381,0.9963069999999999,0.003979,0.9955040000000001,0.004156,0.9973540000000001,0.004342
135,8062.961534,1.2961,529.5,-1.858,-0.97,0.9985200000000001,0.003512,0.9997590000000001,0.0036659999999999996,1.000214,0.003829,0.9995790000000001,0.003999,1.000116,0.004178,1.001692,0.004368
136,8062.962170000001,1.2959,528.8,-1.6769999999999998,-1.716,0.998482,0.0035280000000000003,0.998468,0.0036710000000000002,0.998157,0.0038299999999999996,0.9978229999999999,0.003999,0.9963270000000001,0.004175,0.9956200000000001,0.00436
137,8062.962806999999,1.2957,533.0,-1.31,-1.615,0.995611,0.003507,0.995539,0.0036490000000000003,0.996345,0.0038090000000000003,0.9954350000000001,0.003978,0.99519,0.004155,0.9979629999999999,0.004343
138,8062.963432,1.2956,537.2,-0.857,-1.238,0.997849,0.003522,0.997862,0.003674,0.997268,0.0038380000000000003,0.995669,0.0040100000000000005,0.995862,0.004193,0.9961,0.004382
139,8062.964068000001,1.2955,535.0,-1.7069999999999999,-1.605,0.996555,0.0034990000000000004,0.996057,0.0036490000000000003,0.9964049999999999,0.0038130000000000004,0.9955860000000001,0.0039829999999999996,0.994201,0.0041600000000000005,0.994708,0.004343
140,8062.964693000001,1.2954,533.2,-1.713,-1.475,1.0000950000000002,0.003496,1.0012889999999999,0.003646,1.002944,0.003811,1.00254,0.003981,1.0023790000000001,0.004157,1.0032709999999998,0.00434
141,8062.9653180000005,1.2953,531.0,-1.002,-1.874,0.997123,0.003476,0.9981180000000001,0.003624,0.998775,0.003785,0.9987590000000001,0.003954999999999999,0.997619,0.0041270000000000005,0.9971260000000001,0.004308
142,8062.965943000001,1.2952,529.0,-1.168,-1.339,0.9948799999999999,0.003482,0.994641,0.003635,0.993715,0.0037990000000000003,0.99326,0.003972,0.992864,0.00415,0.9945799999999999,0.004338
143,8062.966568000001,1.2952,534.1,-1.749,-0.09300000000000001,0.996992,0.0034920000000000003,0.997552,0.003646,0.9980690000000001,0.003811,0.997301,0.0039829999999999996,0.996568,0.004159,0.9956370000000001,0.004344
144,8062.967193,1.2952,549.4,-2.224,-1.942,0.9938790000000001,0.0034840000000000006,0.9934209999999999,0.003639,0.995207,0.00381,0.994949,0.003987,0.9949959999999999,0.004171,0.9970760000000001,0.004365
145,8062.967818000001,1.2952,546.1,-2.112,-2.62,0.9966,0.003481,0.995826,0.0036340000000000005,0.9962,0.0038009999999999997,0.99611,0.003974,0.9948620000000001,0.00415,0.993698,0.004333
146,8062.968454999999,1.2952,535.0,-1.4240000000000002,-0.314,0.998022,0.0034840000000000006,0.998624,0.0036420000000000003,0.9985129999999999,0.0038090000000000003,0.9991059999999999,0.0039840000000000006,1.00042,0.004168,1.000818,0.004357
147,8062.96908,1.2952,531.3,-1.787,-1.2009999999999998,0.988245,0.0034700000000000004,0.989684,0.003628,0.9897729999999999,0.003795,0.988475,0.003968,0.988309,0.00415,0.991721,0.004345
148,8062.9697049999995,1.2953,529.7,-2.0869999999999997,-2.551,0.994116,0.0034549999999999997,0.993505,0.0036049999999999997,0.9936520000000001,0.003768,0.99403,0.003939,0.9928739999999999,0.004113,0.991662,0.004294
149,8062.970340999999,1.2954,530.3,-1.575,-0.332,0.99861,0.0034799999999999996,0.998868,0.003633,0.999173,0.003796,0.998548,0.003967,0.996906,0.004143,0.9968049999999999,0.004328
150,8062.970978,1.2955,535.4,-2.089,-0.9009999999999999,0.9968440000000001,0.003469,0.996935,0.003619,0.9955959999999999,0.003778,0.994232,0.003945000000000001,0.9935860000000001,0.004121,0.994376,0.004306
151,8062.971615,1.2956,536.6,-1.179,-1.98,0.99435,0.003471,0.9939379999999999,0.003622,0.9947459999999999,0.003786,0.993993,0.003956,0.992872,0.004132,0.9934649999999999,0.0043170000000000005
152,8062.972240000001,1.2958,543.9,-1.4169999999999998,-1.032,0.999985,0.0035039999999999997,1.001015,0.0036590000000000004,1.0028700000000002,0.003827,1.00254,0.004,1.003584,0.004184,1.005234,0.004372999999999999
153,8062.972853,1.296,550.1,-2.066,-1.183,0.996599,0.003515,0.9987030000000001,0.003675,1.000729,0.003846,1.00177,0.004023,1.002801,0.004207,1.004441,0.004399
154,8062.973478,1.2961,551.8,-2.5669999999999997,-2.2,0.992883,0.003518,0.9922219999999999,0.003675,0.9913569999999999,0.003841,0.991408,0.004018,0.9906469999999999,0.004201,0.9923639999999999,0.0043939999999999995
155,8062.974115000001,1.2964,542.3,-1.412,-1.984,0.9943719999999999,0.003486,0.9943790000000001,0.003636,0.9934379999999999,0.003796,0.994452,0.003968,0.9934790000000001,0.004143,0.993776,0.004326
156,8062.974740000001,1.2966,539.8,-1.86,-1.196,0.991346,0.003478,0.991236,0.003633,0.990677,0.003797,0.9904620000000001,0.0039700000000000004,0.989353,0.004146,0.9916159999999999,0.004337
157,8062.975376,1.2969,537.2,-1.922,-0.987,0.9940610000000001,0.0034590000000000003,0.993927,0.0036079999999999997,0.9929690000000001,0.0037670000000000004,0.992898,0.0039369999999999995,0.993216,0.0041140000000000005,0.993309,0.004293
158,8062.976001000001,1.2972,533.5,-1.92,-1.848,0.996548,0.003479,0.9967309999999999,0.0036299999999999995,0.99835,0.0037939999999999996,0.99946,0.003967,1.0,0.004146,1.000476,0.00433
159,8062.976637999999,1.2975,528.2,-2.414,-2.8939999999999997,0.998539,0.003493,0.9992479999999999,0.0036450000000000002,1.000226,0.0038090000000000003,1.000254,0.00398,0.999502,0.004157,0.9986430000000001,0.004339
160,8062.977274,1.2978,527.0,-1.474,-1.63,1.000032,0.003474,1.000117,0.003622,1.000204,0.003783,1.000275,0.003951,0.99964,0.004125,1.0007780000000002,0.004309
161,8062.977911,1.2982,528.4,-2.1069999999999998,-1.526,1.0002870000000001,0.003482,1.000242,0.003635,1.0005389999999998,0.0037990000000000003,1.00053,0.0039700000000000004,1.0004549999999999,0.004148,1.001974,0.004333
162,8062.978536,1.2985,532.2,-1.807,-1.376,0.9955219999999999,0.0034909999999999997,0.994201,0.0036409999999999997,0.994034,0.003804,0.991708,0.003971,0.991075,0.004148,0.991022,0.004332
163,8062.979172,1.2989,532.9,-2.217,-1.557,0.9988049999999999,0.0034969999999999997,0.99908,0.00365,1.0,0.0038159999999999995,1.00066,0.003989,1.000941,0.004168,1.000656,0.004351
164,8062.979797,1.2993,537.3,-2.434,-2.057,1.000086,0.003505,0.999811,0.003655,0.9993770000000001,0.003817,1.000348,0.003992,1.002249,0.004175,1.002737,0.0043630000000000006
165,8062.980422,1.2998,539.8,-2.448,-1.8330000000000002,0.992925,0.0034850000000000003,0.994109,0.0036439999999999997,0.994585,0.003811,0.9942709999999999,0.0039840000000000006,0.994376,0.0041659999999999996,0.9952489999999999,0.004354
166,8062.981047,1.3002,534.7,-1.895,-0.877,1.002991,0.0034840000000000006,1.002065,0.003636,1.002065,0.0038,1.002035,0.003972,1.001101,0.004148,1.002973,0.004337
167,8062.981684,1.3007,529.4,-2.0180000000000002,-0.863,0.995891,0.003461,0.9965459999999999,0.003618,0.99736,0.0037840000000000005,0.9979020000000001,0.0039570000000000004,0.997992,0.004136,0.998906,0.0043219999999999995
168,8062.982309,1.3012,527.6,-1.6440000000000001,-1.321,1.004593,0.003478,1.006129,0.0036369999999999996,1.006932,0.003803,1.005773,0.003974,1.005184,0.004151,1.004812,0.004331000000000001
169,8062.982945999999,1.3017,526.8,-1.993,-0.912,0.9997309999999999,0.0034509999999999996,1.000351,0.0036030000000000003,1.001212,0.0037649999999999997,1.0015459999999998,0.003935,1.001562,0.004111,1.0008629999999998,0.0042899999999999995
170,8062.983571,1.3023,525.5,-2.209,-1.286,0.9985120000000001,0.003452,0.9976,0.003604,0.9985129999999999,0.0037700000000000003,0.9977739999999999,0.00394,0.998374,0.004118,0.999294,0.004302
171,8062.9842069999995,1.3029,521.8,-2.202,-2.136,0.997785,0.003438,0.998582,0.003592,0.9994360000000001,0.0037560000000000002,1.0001870000000002,0.003927,1.001089,0.004106,1.002305,0.004288
172,8062.984820999999,1.3035,519.7,-1.867,-1.2830000000000001,0.997015,0.0034270000000000004,0.9985940000000001,0.0035789999999999997,0.998869,0.00374,0.9986889999999999,0.003908,0.999713,0.004084,0.99989,0.004263
173,8062.985446,1.3041,517.4,-1.745,-0.963,1.002739,0.0034549999999999997,1.003169,0.0036079999999999997,1.002753,0.003768,1.0019280000000002,0.0039369999999999995,1.00051,0.004106,1.000051,0.0042829999999999995
174,8062.986081999999,1.3047,518.3,-2.121,-0.688,0.998782,0.003453,0.9982110000000001,0.0036030000000000003,0.999527,0.0037649999999999997,1.0,0.003935,1.000322,0.00411,1.0010299999999999,0.004295
175,8062.9867189999995,1.3054,520.4,-2.104,-1.235,0.998769,0.0034549999999999997,0.997577,0.0036009999999999996,0.9990020000000001,0.003764,0.998909,0.003932,0.9977659999999999,0.004107,0.9976010000000001,0.004288
176,8062.987354999999,1.3061,525.7,-2.146,-1.62,1.00311,0.0034479999999999997,1.003593,0.003597,1.003849,0.003757,1.0046110000000001,0.003927,1.00284,0.0041,1.004721,0.004285
177,8062.98798,1.3068,520.0,-2.023,-1.3,0.604909,0.002905,0.604016,0.003065,0.6039680000000001,0.003235,0.6042770000000001,0.003415,0.606446,0.0036,0.606521,0.0037869999999999996
178,8062.988617,1.3075,514.9,-2.339,-1.425,1.0039690000000001,0.003435,1.002532,0.0035810000000000004,1.002317,0.00374,1.001408,0.0039049999999999996,1.0009649999999999,0.004077,1.000644,0.004255
179,8062.989242000001,1.3083,512.5,-2.155,-1.351,1.00708,0.00344,1.007319,0.003589,1.008068,0.003749,1.007776,0.003914,1.006326,0.004083,1.005929,0.004259000000000001
180,8062.989867,1.309,510.7,-2.077,-0.956,1.007483,0.003445,1.0089290000000002,0.003592,1.009025,0.0037479999999999996,1.007976,0.003909,1.009206,0.004079999999999999,1.009685,0.004258
181,8062.990503,1.3098,519.2,-2.289,-1.605,1.003975,0.003433,1.005878,0.003582,1.0079069999999999,0.0037409999999999995,1.00738,0.003907,1.0066,0.004075,1.00615,0.004249
182,8062.991128000001,1.3106,523.8,-1.64,-1.466,0.9996520000000001,0.003445,1.000049,0.003594,1.001768,0.0037560000000000002,1.001351,0.00392,1.001483,0.004093,1.00305,0.004278
183,8062.991765000001,1.3115,530.9,-2.154,-1.466,0.9995620000000001,0.0034579999999999997,0.9995700000000001,0.0036090000000000002,0.999682,0.0037700000000000003,0.9985729999999999,0.003936,0.999252,0.004111999999999999,1.000566,0.004295
184,8062.99239,1.3123,529.3,-2.2359999999999998,-2.331,0.998401,0.0034649999999999998,0.998964,0.003616,0.9985280000000001,0.003775,0.9981129999999999,0.003942,0.997556,0.004116,0.9988540000000001,0.004299
185,8062.9930269999995,1.3133,527.8,-1.955,-0.146,1.003007,0.003472,1.003925,0.0036229999999999995,1.004569,0.003783,1.003619,0.003952000000000001,1.00335,0.004129,1.0030350000000001,0.004311
186,8062.993651999999,1.3141,525.2,-2.352,-0.6990000000000001,1.0019719999999999,0.003453,1.002834,0.0036049999999999997,1.0029700000000001,0.003766,1.001818,0.003932,1.000709,0.004105,1.000634,0.004287
187,8062.994277,1.3151,525.1,-1.814,-1.807,1.008607,0.003481,1.008099,0.0036299999999999995,1.008324,0.00379,1.00827,0.00396,1.006772,0.0041340000000000005,1.0084799999999998,0.004319
188,8062.9949129999995,1.316,526.4,-1.9880000000000002,-0.551,1.00367,0.003488,1.0035450000000001,0.003638,1.00437,0.0037990000000000003,1.0045540000000002,0.003968,1.003903,0.004142,1.0039930000000001,0.004327
189,8062.99555,1.317,525.2,-2.4619999999999997,-0.618,1.0076129999999999,0.003471,1.00783,0.003622,1.008879,0.0037840000000000005,1.008175,0.003951,1.00685,0.004124,1.0073379999999998,0.004308
190,8062.996186,1.3181,522.2,-2.426,-0.871,1.002766,0.0034439999999999996,1.002577,0.003593,1.0021309999999999,0.00375,1.001566,0.003915999999999999,1.001182,0.0040880000000000005,1.0005899999999999,0.004267
191,8062.9968,1.3191,520.2,-2.247,-1.115,1.001017,0.003462,1.000193,0.0036119999999999998,0.999184,0.003773,0.997668,0.00394,0.9993299999999999,0.004118999999999999,0.999149,0.004302
192,8062.997436,1.3201,520.0,-2.148,-1.453,1.002541,0.003452,1.004515,0.003607,1.004788,0.003768,1.003757,0.003935,1.0011809999999999,0.004105,0.998928,0.004282
193,8062.998061,1.3212,520.7,-2.7739999999999996,-1.4480000000000002,1.001937,0.003464,1.000916,0.0036130000000000003,1.000889,0.003773,1.0001959999999999,0.003939,1.000679,0.004116,1.0008270000000001,0.004296
194,8062.998698,1.3224,519.2,-1.966,-1.508,1.001419,0.0034549999999999997,0.999627,0.0036,0.999877,0.003759,1.000122,0.003927,1.00129,0.004102000000000001,1.0014809999999998,0.00428
195,8062.999323,1.3235,516.3,-2.271,-1.6280000000000001,1.004551,0.0034509999999999996,1.003683,0.003597,1.0037260000000001,0.0037549999999999997,1.0022309999999999,0.003919,1.000652,0.004089,0.999131,0.004263
196,8062.999948000001,1.3245,514.2,-2.2030000000000003,-0.878,1.004533,0.0034460000000000003,1.00387,0.003595,1.002506,0.003752,1.002042,0.003918,1.002053,0.004093,0.999682,0.00427
197,8063.000573,1.3258,541.3,-2.718,-1.219,0.9963110000000001,0.0034700000000000004,0.9960629999999999,0.003624,0.996268,0.00379,0.9963540000000001,0.003961999999999999,0.996258,0.00414,0.996713,0.004325
198,8063.001209,1.3269,557.8,-2.344,-1.435,1.001542,0.0034990000000000004,1.001666,0.003654,1.0035459999999998,0.003822,1.001741,0.003991,1.000392,0.004168,1.0004469999999999,0.004353
199,8063.001845999999,1.3281,546.2,-2.503,-2.009,1.000099,0.003493,0.9999100000000001,0.0036439999999999997,0.999771,0.0038060000000000004,0.998001,0.003972,0.9962129999999999,0.004147,0.996498,0.004333
200,8063.002471,1.3294,521.0,-2.418,-1.3969999999999998,1.001349,0.0034649999999999998,1.0005620000000002,0.003614,1.0013610000000002,0.003774,1.002024,0.003945000000000001,1.0039129999999998,0.004122,1.004928,0.004306
201,8063.003108,1.3306,514.9,-2.226,-1.157,1.0032370000000002,0.0034590000000000003,1.003254,0.0036090000000000002,1.004061,0.003771,1.003193,0.003936,1.004171,0.004111999999999999,1.00558,0.004296
202,8063.003733,1.332,510.7,-2.593,-1.8090000000000002,0.998625,0.003438,0.9972700000000001,0.0035810000000000004,0.996353,0.0037359999999999997,0.996683,0.0039020000000000005,0.9969459999999999,0.004072999999999999,0.9973190000000001,0.004251
203,8063.004368999999,1.3333,514.6,-2.285,-0.934,0.999999,0.003439,1.000449,0.003587,1.0011290000000002,0.0037450000000000005,1.0014120000000002,0.003909,1.001699,0.004079999999999999,1.000767,0.004254
204,8063.004983,1.3347,520.6,-2.3209999999999997,-0.63,1.007317,0.003475,1.007458,0.003622,1.008327,0.0037799999999999995,1.0090059999999998,0.00395,1.0096049999999999,0.004124,1.011703,0.004307
205,8063.005619,1.336,525.4,-2.26,-0.5579999999999999,1.004381,0.003479,1.003488,0.003624,1.0024819999999999,0.003779,1.00253,0.003946,1.0017690000000001,0.004116,1.000251,0.004293
206,8063.006256000001,1.3375,522.0,-2.323,-2.006,1.004342,0.0034770000000000005,1.005093,0.003626,1.005997,0.003788,1.006302,0.003956,1.007204,0.0041329999999999995,1.007685,0.004313
207,8063.006881,1.3389,518.5,-1.676,-0.8909999999999999,1.001501,0.0034490000000000002,1.002361,0.0035979999999999996,1.003809,0.003757,1.0032219999999998,0.00392,1.002542,0.004091,1.003952,0.0042710000000000005
208,8063.007517,1.3403,516.6,-2.668,-0.40700000000000003,1.003743,0.0034479999999999997,1.00291,0.0035909999999999996,1.002436,0.003746,1.0033159999999999,0.003912,1.005163,0.004085,1.005468,0.004261
209,8063.008142000001,1.3418,514.9,-2.96,-1.6780000000000002,1.001099,0.003442,1.0014040000000002,0.003588,0.9999319999999999,0.003742,0.999626,0.003908,1.000078,0.004079999999999999,0.9993479999999999,0.004256
210,8063.008767,1.3432,514.3,-2.202,-1.6869999999999998,1.003871,0.0034590000000000003,1.003351,0.0036060000000000003,1.003133,0.0037630000000000003,1.002708,0.003928,1.0028780000000002,0.0041,1.002265,0.004277
211,8063.009392,1.3447,515.3,-2.5140000000000002,-0.48,0.9987799999999999,0.003443,0.9983059999999999,0.003588,0.998396,0.003744,0.9986139999999999,0.003909,1.00011,0.004082,0.999822,0.004258
212,8063.010029000001,1.3463,518.4,-2.877,-0.888,1.003387,0.003479,1.0031299999999999,0.0036299999999999995,1.002678,0.0037909999999999997,1.003895,0.003964,1.003681,0.004139,1.002502,0.004319
213,8063.010654000001,1.3479,517.9,-2.219,-2.045,0.9994129999999999,0.0034630000000000004,1.000345,0.003616,0.9992709999999999,0.003774,0.9981540000000001,0.003941,0.997978,0.004117,0.997812,0.004298
214,8063.011279,1.3496,532.8,-2.638,-1.306,1.0050700000000001,0.003472,1.004169,0.003624,1.0045950000000001,0.0037869999999999996,1.0052590000000001,0.00396,1.0059,0.004138,1.006392,0.004321
215,8063.011904000001,1.3511,547.0,-2.555,-0.522,1.001933,0.0034850000000000003,1.002167,0.003639,1.001939,0.0038020000000000003,1.001806,0.0039770000000000005,1.002478,0.004157,1.0026389999999998,0.004343
216,8063.012541,1.3527,512.1,-2.839,-2.282,1.006001,0.0034479999999999997,1.005277,0.003595,1.005967,0.0037549999999999997,1.006966,0.003922999999999999,1.008033,0.0040950000000000005,1.00796,0.004273
217,8063.013166,1.3545,507.3,-2.267,-0.691,0.9976950000000001,0.003432,0.997447,0.0035810000000000004,0.9965209999999999,0.003737,0.995453,0.003901,0.9948020000000001,0.004072,0.993292,0.004247
218,8063.0138019999995,1.3563,504.0,-2.8680000000000003,-0.903,1.0025389999999998,0.0034509999999999996,1.002911,0.0036,1.001896,0.0037549999999999997,1.0015020000000001,0.003921,1.000414,0.004091,0.9997540000000001,0.004268
219,8063.014426999999,1.3579,501.5,-3.1289999999999996,-1.515,1.004791,0.003442,1.003206,0.0035840000000000004,1.002933,0.003739,1.001154,0.0038979999999999996,1.000284,0.004065,0.9997729999999999,0.00424
220,8063.015052,1.3596,502.2,-2.51,-1.01,1.00813,0.0034549999999999997,1.009725,0.0036,1.009155,0.0037530000000000003,1.008497,0.003914,1.008937,0.004083,1.0096120000000002,0.004259000000000001
221,8063.015689,1.3615,500.8,-2.386,-1.485,0.997654,0.003436,0.9980319999999999,0.0035770000000000003,0.998871,0.0037310000000000004,0.99885,0.0038909999999999995,0.9981450000000001,0.004058,0.998181,0.004232
222,8063.016314,1.3633,502.5,-2.2359999999999998,-0.981,1.000501,0.003437,0.99998,0.003582,1.000652,0.0037409999999999995,1.00079,0.003906,1.001026,0.004077,1.001844,0.004255
223,8063.01695,1.3652,507.4,-2.614,-0.6920000000000001,1.001203,0.003452,0.999906,0.003593,0.999682,0.003747,0.999561,0.0039109999999999995,1.000609,0.004083,1.000189,0.004259000000000001
224,8063.017587,1.367,507.9,-3.658,-0.318,0.999921,0.0034439999999999996,0.999397,0.003582,0.9977729999999999,0.00373,0.997915,0.0038909999999999995,0.996983,0.004054,0.9976659999999999,0.004229999999999999
225,8063.018212000001,1.369,504.5,-1.9680000000000002,-1.913,0.997359,0.00345,0.997983,0.0035909999999999996,0.9982190000000001,0.0037450000000000005,0.9992340000000001,0.003908,0.9990030000000001,0.004076,1.001011,0.004254
226,8063.018848000001,1.3708,505.6,-2.253,-0.905,0.9968030000000001,0.003426,0.996142,0.003568,0.9964270000000001,0.003722,0.9968600000000001,0.003885,0.997582,0.004055,0.9984059999999999,0.004228
227,8063.019473,1.3729,545.6,-2.463,-0.934,1.001729,0.003468,1.002058,0.003614,1.002003,0.003773,1.001013,0.0039369999999999995,1.0001870000000002,0.004109000000000001,0.9997219999999999,0.004289
228,8063.020098000001,1.3748,518.8,-2.8480000000000003,-1.285,1.0024309999999998,0.003436,1.004371,0.003587,1.004867,0.003743,1.0039,0.0039049999999999996,1.0046760000000001,0.004078,1.004943,0.004257
229,8063.020734999999,1.3767,496.0,-2.8369999999999997,-1.262,0.9953,0.003414,0.993302,0.0035520000000000005,0.993194,0.003703,0.993192,0.0038619999999999995,0.99377,0.00403,0.993875,0.004204
230,8063.021348,1.3789,490.7,-2.2640000000000002,-1.25,1.001093,0.0034189999999999997,1.0022739999999999,0.003565,1.002797,0.00372,1.002834,0.0038829999999999997,1.003773,0.004054,1.004284,0.004229999999999999
231,8063.021984999999,1.3809,490.9,-3.011,-0.713,1.000548,0.0034200000000000003,1.001638,0.003561,1.001522,0.0037119999999999996,1.002148,0.0038729999999999997,1.001991,0.004038,1.001816,0.004209
232,8063.0225980000005,1.3831,493.6,-2.2769999999999997,-0.642,1.003298,0.003439,1.004456,0.0035810000000000004,1.004548,0.0037310000000000004,1.00399,0.003889,1.005136,0.004057,1.00461,0.004229999999999999
233,8063.023223,1.3851,488.3,-2.416,-0.768,0.9973059999999999,0.003406,0.997517,0.003549,0.998382,0.003703,0.998235,0.003865,0.998617,0.004033,1.000017,0.00421
234,8063.023859999999,1.3872,486.5,-3.045,-0.7929999999999999,0.995825,0.003407,0.9968110000000001,0.003551,0.9958899999999999,0.003701,0.994849,0.0038590000000000005,0.9951139999999999,0.004026,0.9929530000000001,0.004195
235,8063.024484999999,1.3895,485.2,-2.95,-1.393,0.995532,0.0033880000000000004,0.9953299999999999,0.0035280000000000003,0.995499,0.0036780000000000003,0.9968229999999999,0.003839,0.9960559999999999,0.004001,0.993886,0.004168
236,8063.025122,1.3917,486.5,-2.46,-0.47,1.003465,0.003414,1.003831,0.0035590000000000005,1.003303,0.003711,1.004226,0.0038740000000000003,1.004705,0.004043,1.004467,0.004215999999999999
237,8063.025747,1.3941,488.5,-2.7539999999999996,-1.518,0.9951139999999999,0.003397,0.995242,0.0035399999999999997,0.9950600000000001,0.003692,0.995099,0.0038520000000000004,0.9934129999999999,0.004017,0.99336,0.004189
238,8063.026372,1.3962,492.2,-2.892,-0.5670000000000001,1.002067,0.003418,1.00205,0.003564,1.002789,0.003722,1.003487,0.003885,1.003483,0.004053,1.003655,0.004227000000000001
239,8063.027008,1.3985,494.0,-2.773,-0.14,1.002682,0.003439,1.002048,0.0035810000000000004,1.002057,0.003735,1.003426,0.003901,1.00368,0.004068,1.004046,0.004243
240,8063.027645,1.401,495.3,-1.817,-0.11800000000000001,1.002915,0.003442,1.004473,0.0035859999999999998,1.006438,0.00374,1.005232,0.003899,1.006758,0.004069,1.006902,0.0042439999999999995
241,8063.028270000001,1.4032,494.0,-2.568,-0.397,0.9984559999999999,0.0034200000000000003,0.998527,0.0035619999999999996,0.999251,0.0037170000000000003,0.99997,0.0038799999999999998,0.9996700000000001,0.004046,0.998975,0.004219
242,8063.028895,1.4058,494.6,-3.717,0.665,0.999044,0.003415,0.9984190000000001,0.0035600000000000002,0.998359,0.0037159999999999997,0.9985959999999999,0.0038799999999999998,0.9983719999999999,0.00405,0.9980700000000001,0.004227000000000001
243,8063.02952,1.4081,495.4,-2.6689999999999996,-1.112,0.9996209999999999,0.0034189999999999997,1.000416,0.003565,1.002789,0.0037240000000000003,1.003356,0.003887,1.0019959999999999,0.004052,1.001623,0.004225
244,8063.030145000001,1.4105,498.4,-2.499,-0.988,0.9993299999999999,0.003436,0.9981120000000001,0.003578,0.9985360000000001,0.0037340000000000003,0.998633,0.0038979999999999996,0.9995940000000001,0.004070000000000001,0.999026,0.004243
245,8063.030781,1.4131,496.3,-2.801,-0.366,0.9995209999999999,0.0034439999999999996,0.99846,0.00359,0.998067,0.003746,0.998411,0.00391,0.998476,0.004079999999999999,0.998603,0.004255
246,8063.0314180000005,1.4158,498.0,-2.3609999999999998,-1.319,1.003136,0.003436,1.004116,0.0035789999999999997,1.004156,0.0037310000000000004,1.003288,0.003889,1.003214,0.004057,1.002701,0.004229999999999999
247,8063.032043000001,1.4183,501.9,-2.9539999999999997,-1.151,0.9980129999999999,0.0034409999999999996,0.9994620000000001,0.003587,0.998584,0.0037380000000000004,0.998402,0.003899,0.9983700000000001,0.004068,0.9983639999999999,0.004243
248,8063.032679000001,1.421,502.9,-2.889,-1.626,1.009007,0.003475,1.009223,0.003619,1.008081,0.003773,1.007447,0.003933,1.006984,0.004101,1.0065,0.004275999999999999
249,8063.0333040000005,1.4235,501.7,-2.761,-0.501,0.999876,0.0034479999999999997,1.0009629999999998,0.003593,1.001782,0.0037479999999999996,1.001966,0.003909,1.002565,0.004077,1.001292,0.004247
250,8063.033929000001,1.4261,503.1,-2.525,0.141,0.999567,0.003437,0.999818,0.003585,1.0005620000000002,0.003742,1.001118,0.0039049999999999996,1.002968,0.004075,1.002945,0.004251
251,8063.034565999999,1.4289,501.3,-2.364,-1.079,1.003031,0.003439,1.003514,0.0035840000000000004,1.004744,0.0037409999999999995,1.005333,0.003904,1.005482,0.004076,1.006631,0.004253
252,8063.035191,1.4315,499.5,-3.903,-1.2409999999999999,1.000667,0.0034240000000000004,1.001859,0.003571,1.001855,0.0037270000000000003,1.00157,0.00389,1.002281,0.00406,1.00085,0.004232
253,8063.035828,1.4345,497.7,-2.496,-0.87,0.993942,0.003407,0.993877,0.003549,0.9940129999999999,0.003701,0.9940450000000001,0.0038619999999999995,0.9921280000000001,0.004025,0.9920399999999999,0.004196
254,8063.036453,1.4372,497.1,-2.805,-0.175,1.0018639999999999,0.003442,1.002896,0.003589,1.001264,0.00374,1.001514,0.0039020000000000005,1.000473,0.004069,1.001195,0.004246
255,8063.037078,1.4402,499.4,-3.162,-1.7790000000000001,1.006456,0.003433,1.007224,0.003578,1.00641,0.003729,1.006933,0.0038909999999999995,1.007015,0.004058,1.007981,0.004233
256,8063.037714,1.4429,502.6,-2.6719999999999997,-0.622,0.997125,0.003431,0.996866,0.003573,0.996613,0.003725,0.995635,0.0038840000000000003,0.995389,0.004052,0.996433,0.004228
257,8063.038351,1.4458,546.9,-3.031,-1.311,1.001212,0.003475,1.00159,0.003625,1.0016260000000001,0.003785,1.001541,0.003954,1.000186,0.0041270000000000005,1.000381,0.004309
258,8063.038976000001,1.4489,549.5,-2.6639999999999997,-0.49700000000000005,0.9943629999999999,0.0034729999999999995,0.9924069999999999,0.0036200000000000004,0.991667,0.0037799999999999995,0.992618,0.003951,0.99234,0.0041259999999999995,0.991767,0.004306
259,8063.0396120000005,1.452,514.4,-3.154,-1.041,1.0012809999999999,0.003452,0.9997719999999999,0.003595,0.9995649999999999,0.00375,0.9998889999999999,0.003912,0.99989,0.004082,1.000575,0.004259000000000001
260,8063.040237,1.4549,510.5,-2.923,-0.155,0.9999239999999999,0.0034490000000000002,0.999059,0.0035909999999999996,0.998209,0.003743,0.9976950000000001,0.0039049999999999996,0.996567,0.004072999999999999,0.9958,0.004247
261,8063.040873999999,1.4579,510.2,-2.506,-0.7659999999999999,1.0060879999999999,0.003476,1.005925,0.003622,1.005449,0.003778,1.00473,0.003943,1.003341,0.004113,1.003113,0.004289
262,8063.041509999999,1.4612,508.7,-3.738,-0.785,1.0007620000000002,0.0034560000000000003,1.000602,0.0036049999999999997,1.001176,0.0037649999999999997,1.001368,0.003929,1.001592,0.004103,1.001703,0.004281
263,8063.042135,1.4641,511.4,-2.7460000000000004,-0.461,0.9973780000000001,0.003452,0.996825,0.0035979999999999996,0.995633,0.0037530000000000003,0.998215,0.003922,0.9995139999999999,0.0040950000000000005,0.99935,0.0042710000000000005
264,8063.042772,1.4675,513.6,-2.966,-0.763,1.0015370000000001,0.003445,1.002712,0.003595,1.0043879999999998,0.0037560000000000002,1.0054299999999998,0.003924,1.005762,0.004097,1.004974,0.004272
265,8063.0433969999995,1.4706,510.6,-3.407,-0.292,1.004294,0.003447,1.003047,0.003593,1.0026389999999998,0.003751,1.0036040000000002,0.003917,1.0023950000000001,0.004086,1.000514,0.00426
266,8063.044022,1.4741,514.5,-3.363,-0.473,0.999346,0.00344,0.998825,0.003589,0.997976,0.003746,0.997926,0.003912,0.998525,0.004086,0.998426,0.004264
267,8063.044659,1.4772,517.4,-3.389,-0.424,1.005256,0.003474,1.005674,0.003624,1.005857,0.003783,1.006373,0.003951,1.006075,0.004123,1.006315,0.004302
268,8063.045272,1.4804,516.0,-2.804,-0.765,1.001002,0.003461,1.001615,0.00361,1.001946,0.0037689999999999998,1.002448,0.003935,1.001113,0.004104,1.001326,0.004281
269,8063.045909,1.484,510.9,-3.202,0.732,0.999294,0.0034549999999999997,0.99928,0.003602,0.999085,0.0037600000000000003,0.997999,0.003924,0.999237,0.004099,0.9994350000000001,0.004278
270,8063.046534,1.4872,506.5,-2.505,-1.8840000000000001,0.998519,0.0034549999999999997,0.9973770000000001,0.003599,0.9970530000000001,0.003757,0.997352,0.003924,0.997434,0.004096,0.9969469999999999,0.004272
271,8063.047159000001,1.4906,507.6,-2.6839999999999997,-0.41200000000000003,0.9903209999999999,0.0034240000000000004,0.989684,0.003571,0.9901700000000001,0.003729,0.9924120000000001,0.003896,0.9921120000000001,0.004063000000000001,0.991467,0.0042380000000000004
272,8063.047784,1.4943,512.4,-2.589,-0.04,1.004991,0.003474,1.0052,0.003624,1.00547,0.003785,1.005896,0.003952000000000001,1.0049860000000002,0.004122,1.0054809999999998,0.0043
273,8063.04842,1.4976,514.7,-3.602,-0.6409999999999999,1.00175,0.00346,1.002472,0.003607,1.003336,0.003766,1.003352,0.0039310000000000005,1.0030860000000001,0.004102000000000001,1.003301,0.004279
274,8063.049045000001,1.5014,514.0,-2.314,-0.7659999999999999,1.0038129999999998,0.003482,1.0043360000000001,0.003628,1.004578,0.0037840000000000005,1.0044870000000001,0.003947,1.0053020000000001,0.00412,1.005309,0.004295
275,8063.04967,1.5049,516.8,-2.443,-0.141,0.997107,0.003472,0.996498,0.003621,0.995958,0.0037799999999999995,0.995281,0.003947,0.9954379999999999,0.004122,0.994554,0.004301
276,8063.0503069999995,1.5087,520.5,-3.53,-0.9890000000000001,0.999783,0.0034700000000000004,0.9991209999999999,0.003617,0.998216,0.003774,0.998023,0.003939,0.996452,0.004108,0.9973569999999999,0.004288
277,8063.050943000001,1.5123,527.6,-3.0039999999999996,-0.7120000000000001,1.001735,0.003478,1.0029620000000001,0.003632,1.004016,0.003795,1.003971,0.003965,1.0022950000000002,0.004137,1.001941,0.004319
278,8063.051579999999,1.5162,531.0,-3.003,-0.057999999999999996,1.0029549999999998,0.0035020000000000003,1.0046760000000001,0.0036590000000000004,1.005058,0.003822,1.006175,0.003995,1.006597,0.0041719999999999995,1.0060559999999998,0.004353
279,8063.052216,1.5199,533.6,-3.508,0.107,0.9967450000000001,0.003481,0.9975290000000001,0.003638,0.9963930000000001,0.0038,0.9968030000000001,0.003972,0.9970120000000001,0.004151,0.999374,0.004337
280,8063.052841,1.524,534.1,-3.0780000000000003,-0.922,1.002722,0.0035020000000000003,1.003112,0.003655,1.004673,0.003821,1.0060440000000002,0.003993,1.0077690000000001,0.0041719999999999995,1.006605,0.004353
281,8063.053465999999,1.5277,535.6,-3.707,0.258,1.0034319999999999,0.003508,1.0037049999999998,0.0036609999999999998,1.003067,0.0038229999999999996,1.002975,0.003993,1.002847,0.004168,1.002995,0.004351
282,8063.054103,1.5318,527.9,-2.753,-1.3969999999999998,0.999725,0.003486,0.9994959999999999,0.003636,0.999173,0.003797,0.9977360000000001,0.003964,0.9963360000000001,0.004135,0.995692,0.004315
283,8063.054728,1.5356,532.6,-2.68,-1.7630000000000001,0.9990319999999999,0.003503,0.999769,0.00366,1.001379,0.003827,1.000708,0.003996,1.0006059999999999,0.004175,1.0,0.0043560000000000005
284,8063.055365,1.5399,567.7,-3.3810000000000002,0.287,0.999808,0.0035259999999999996,0.999598,0.0036850000000000003,0.999849,0.003854,0.999926,0.004031,1.0006469999999998,0.004213000000000001,1.001893,0.004404
285,8063.056001000001,1.5438,556.8,-3.803,0.375,1.0,0.003496,0.9999239999999999,0.0036520000000000003,0.999959,0.0038179999999999998,1.000756,0.003992,0.999769,0.004168,1.000797,0.004354
286,8063.056615,1.5477,540.5,-3.861,-0.45399999999999996,0.9994559999999999,0.0034939999999999997,1.000912,0.0036520000000000003,1.000939,0.003817,1.0009,0.003987,1.001067,0.004163,1.000794,0.004344
287,8063.057263,1.5521,545.9,-3.398,0.031,1.00289,0.003511,1.0045190000000002,0.00367,1.003034,0.003832,1.002925,0.004005,1.0021280000000001,0.004183,1.0009059999999999,0.004366
288,8063.057887999999,1.5566,543.8,-2.843,-0.48700000000000004,0.998009,0.003514,0.9989120000000001,0.00367,0.9972989999999999,0.003831,0.9970129999999999,0.004002,0.996767,0.004176,0.997505,0.004361
289,8063.058523999999,1.5607,546.1,-3.966,-0.264,1.001709,0.003507,1.000889,0.003658,1.00013,0.003821,1.000726,0.003993,1.001534,0.00417,1.0004959999999998,0.00435
290,8063.059161,1.5653,549.0,-3.2030000000000003,0.376,0.999868,0.003508,1.00294,0.00367,1.004737,0.003839,1.0053290000000001,0.004011,1.0056450000000001,0.004189,1.0068350000000001,0.004375
291,8063.059786,1.5694,553.7,-3.6710000000000003,-0.087,1.0005190000000002,0.0035189999999999996,1.000869,0.003676,1.000608,0.003841,1.002259,0.004016,1.001562,0.004192,1.001707,0.004376
292,8063.060422,1.5737,554.4,-3.4019999999999997,-0.14,0.9999969999999999,0.0035310000000000003,1.000222,0.003689,0.999907,0.003856,0.9995850000000001,0.004031,0.998819,0.004209,0.9965370000000001,0.004392
293,8063.061047,1.5784,544.0,-3.13,-0.332,1.003957,0.0035240000000000002,1.004629,0.0036829999999999996,1.003962,0.003846,1.00369,0.004018,1.003841,0.0041979999999999995,1.003734,0.004381
294,8063.061672,1.5828,546.4,-3.228,-0.882,0.9994290000000001,0.003517,1.000134,0.003674,0.9995870000000001,0.0038380000000000003,0.998936,0.004012,0.9986809999999999,0.00419,0.997762,0.004374
295,8063.0622969999995,1.5872,548.6,-4.135,0.494,0.996992,0.003518,0.995875,0.003672,0.9948889999999999,0.0038369999999999997,0.993353,0.004007,0.993771,0.004187,0.992766,0.004369
296,8063.0629340000005,1.5921,549.0,-3.654,-0.532,1.0035969999999999,0.0035240000000000002,1.00294,0.0036780000000000003,1.001966,0.0038420000000000004,1.001508,0.0040149999999999995,1.000474,0.004190999999999999,0.999469,0.004374
297,8063.063559,1.5966,552.3,-3.3680000000000003,-0.363,1.00166,0.0035259999999999996,1.00092,0.0036799999999999997,1.000975,0.0038450000000000003,1.002104,0.00402,1.0020719999999999,0.0041990000000000005,1.001007,0.004381
298,8063.064184000001,1.6016,553.3,-3.097,-1.214,1.0018280000000002,0.003525,1.0013299999999998,0.0036799999999999997,1.001722,0.0038469999999999997,1.0036040000000002,0.0040219999999999995,1.003416,0.0041990000000000005,1.0041209999999998,0.004383
299,8063.064820999999,1.6062,552.1,-3.4560000000000004,0.9129999999999999,0.9988020000000001,0.0035240000000000002,0.998718,0.0036799999999999997,0.9995709999999999,0.003849,1.0001799999999998,0.004024,0.999617,0.004204,0.9985280000000001,0.004386999999999999
300,8063.065446,1.6113,567.2,-3.54,-0.066,0.999873,0.003535,1.001908,0.003696,1.00292,0.0038640000000000002,1.0017120000000002,0.004036,1.00068,0.004215,1.00027,0.004399
301,8063.066081999999,1.616,640.9,-3.532,-0.03,1.007816,0.003617,1.007822,0.003782,1.006686,0.003953,1.007028,0.004136,1.0081129999999998,0.004327,1.006874,0.004519
302,8063.066706999999,1.6208,631.4,-3.616,-1.764,1.008485,0.003626,1.00905,0.0037939999999999996,1.0084440000000001,0.0039689999999999994,1.0086030000000001,0.004152,1.0095299999999998,0.004342,1.009395,0.004539
303,8063.067332,1.6261,608.8,-3.83,-0.161,1.0037719999999999,0.003588,1.003064,0.0037479999999999996,1.00258,0.003919,1.003123,0.004098,1.001757,0.004281,0.999934,0.004468
304,8063.067969,1.631,604.4,-3.52,0.061,0.999649,0.00358,0.9989239999999999,0.0037409999999999995,0.998345,0.00391,0.999589,0.004091,0.999367,0.004274,0.9967809999999999,0.00446
305,8063.068593999999,1.6364,566.6,-4.518,-0.17600000000000002,0.9996370000000001,0.0035409999999999994,1.0,0.003698,0.998268,0.003861,0.9972799999999999,0.004033,0.9972549999999999,0.004212,0.997964,0.004398
